<?xml version="1.0" encoding="utf-8"?><feed xmlns="http://www.w3.org/2005/Atom" ><generator uri="https://jekyllrb.com/" version="3.9.4">Jekyll</generator><link href="http://localhost:4000/feed.xml" rel="self" type="application/atom+xml" /><link href="http://localhost:4000/" rel="alternate" type="text/html" /><updated>2024-02-09T22:55:35+01:00</updated><id>http://localhost:4000/feed.xml</id><title type="html">Court of Gloomvale</title><subtitle>Write an awesome description for your new site here. You can edit this line in _config.yml. It will appear in your document head meta (for Google search results) and in your feed.xml site description.</subtitle><entry><title type="html">Winds of change</title><link href="http://localhost:4000/microblog/2023/02/17/winds-of-change.html" rel="alternate" type="text/html" title="Winds of change" /><published>2023-02-17T00:00:00+01:00</published><updated>2023-02-17T00:00:00+01:00</updated><id>http://localhost:4000/microblog/2023/02/17/winds-of-change</id><content type="html" xml:base="http://localhost:4000/microblog/2023/02/17/winds-of-change.html"><![CDATA[<p>I am remaking my microblog a little so that my friends can get notifications through WordPress subscriptions. Love you guys ♥</p>]]></content><author><name>Kornelia</name></author><category term="microblog" /><category term="news" /><summary type="html"><![CDATA[I am remaking my microblog a little so that my friends can get notifications through WordPress subscriptions. Love you guys ♥]]></summary></entry><entry><title type="html">The effect being locked away on WordPress has on a person</title><link href="http://localhost:4000/microblog/2023/02/17/the-effect-being-locked-away-on-wordpress-has-on-a-person.html" rel="alternate" type="text/html" title="The effect being locked away on WordPress has on a person" /><published>2023-02-17T00:00:00+01:00</published><updated>2023-02-17T00:00:00+01:00</updated><id>http://localhost:4000/microblog/2023/02/17/the-effect-being-locked-away-on-wordpress-has-on-a-person</id><content type="html" xml:base="http://localhost:4000/microblog/2023/02/17/the-effect-being-locked-away-on-wordpress-has-on-a-person.html"><![CDATA[<p>Me after 3+ months on social media: I feel so demotivated 🙁
Me after 3+ days on my website: I made an RPG themed character panel for my OCs.
Coming soon!</p>]]></content><author><name>Me</name></author><category term="microblog" /><category term="personal" /><summary type="html"><![CDATA[Me after 3+ months on social media: I feel so demotivated 🙁 Me after 3+ days on my website: I made an RPG themed character panel for my OCs. Coming soon!]]></summary></entry></feed>